email,firstname,lastname,reportsto
01@test.com,Test,McTester,jnire@me.com
02@test.com,Test,McTester,jnire@me.com
03@test.com,Test,McTester,jnire@me.com
04@test.com,Test,McTester,jnire@me.com
05@test.com,Test,McTester,jnire@me.com
06@test.com,Test,McTester,jnire@me.com
07@test.com,,McTester,jnire@me.com
08@test.com,Test,McTester,jnire@me.com
09@test.com,Test,McTester,jnire@me.com
10@test.com,Test,McTester,jnire@me.com
11@test.com,Test,McTester,jnire@me.com
12@test.com,Test,McTester,jnire@me.com
13@test.com,,McTester,jnire@me.com
14@test.com,Test,McTester,jnire@me.com
15@test.com,Test,McTester,jnire@me.com
16@test.com,Test,McTester,jnire@me.com
17@test.com,Test,McTester,
18@test.com,Test,McTester,jnire@me.com
19@test.com,Test,McTester,jnire@me.com
20@test.com,Test,McTester,jnire@me.com
21@test.com,Test,,jnire@me.com
22@test.com,Test,McTester,jnire@me.com
23@test.com,Test,McTester,jnire@me.com
24@test.com,Test,McTester,jnire@me.com
25@test.com,Test,McTester,jnire@me.com
26@test.com,Test,McTester,jnire@me.com
27@test.com,Test,McTester,jnire@me.com
28@test.com,Test,McTester,jnire@me.com
29@test.com,Test,McTester,jnire@me.com
30@test.com,Test,McTester,jnire@me.com
31@test.com,Test,McTester,jnire@me.com
32@test.com,Test,McTester,jnire@me.com
33@test.com,Test,McTester,jnire@me.com
34@test.com,Test,McTester,jnire@me.com
35@test.com,Test,McTester,jnire@me.com
36@test.com,Test,McTester,jnire@me.com
37@test.com,Test,McTester,jnire@me.com
38@test.com,Test,McTester,jnire@me.com
39@test.com,Test,McTester,jnire@me.com
40@test.com,Test,McTester,jnire@me.com
41@test.com,Test,McTester,jnire@me.com
42@test.com,Test,McTester,jnire@me.com